{"loss": [3.234158992767334, 2.1476733684539795], "accuracy": [0.16552811861038208, 0.4461376667022705], "val_loss": [2.4968795776367188, 1.434841275215149], "val_accuracy": [0.4890829622745514, 0.6179039478302002]}